<?xml version="1.0"?>
<doc>
    <assembly>
        <name>MediaDevices</name>
    </assembly>
    <members>
        <member name="T:MediaDevices.Commands">
            <summary>
            Commands for the device
            </summary>
        </member>
        <member name="F:MediaDevices.Commands.Unknown">
            <summary>
            Unknown
            </summary>
        </member>
        <member name="F:MediaDevices.Commands.ResetDevice">
            <summary>
            This command is sent by clients to reset the device. 
            </summary>
        </member>
        <member name="F:MediaDevices.Commands.GetObjectIdsFromPersistenUniqueIds">
            <summary>
            This command is sent when a client wants to get current ObjectIDs representing 
            objects specified by previously acquired Persistent Unique IDs. 
            </summary>
        </member>
        <member name="F:MediaDevices.Commands.SaveClientInformation">
            <summary>
            This command is sent when a client first connects to a device. 
            </summary>
        </member>
        <member name="F:MediaDevices.Commands.GetContentLocation">
            <summary>
            This command is used to retrieve the ObjectIDs of folders that contain the specified content type
            </summary>
        </member>
        <member name="F:MediaDevices.Commands.StorageFormat">
            <summary>
            This command will format the storage. 
            </summary>
        </member>
        <member name="F:MediaDevices.Commands.StorageEject">
            <summary>
            This will eject the storage, if it is a removable store and is capable of being ejected by the device. 
            </summary>
        </member>
        <member name="F:MediaDevices.Commands.SmsSend">
            <summary>
            This command is used to initiate the sending of an SMS message. 
            </summary>
        </member>
        <member name="F:MediaDevices.Commands.StillImageCaptureInitiate">
            <summary>
            Initiates a still image capture. This is processed as a single command i.e. there is no start or stop required. 
            </summary>
        </member>
        <member name="F:MediaDevices.Commands.ObjectEnumerationStartFind">
            <summary>
            The driver receives this command when a client wishes to start enumeration.
            </summary>
        </member>
        <member name="F:MediaDevices.Commands.ObjectEnumerationFindNext">
            <summary>
            The driver receives this command when a client wishes to start enumeration.
            </summary>
        </member>
        <member name="F:MediaDevices.Commands.ObjectEnumerationEndFind">
            <summary>
            The driver should destroy any resources associated with this enumeration context.
            </summary>
        </member>
        <member name="F:MediaDevices.Commands.ObjectPropertiesGetSupported">
            <summary>
            This command is used when the client requests the list of properties supported by the specified object.
            </summary>
        </member>
        <member name="F:MediaDevices.Commands.ObjectPropertiesGetAttribute">
            <summary>
            This command is used when the client requests the property attributes for the specified object properties.
            </summary>
        </member>
        <member name="F:MediaDevices.Commands.ObjectPropertiesGet">
            <summary>
            This command is used when the client requests a set of property values for the specified object. 
            </summary>
        </member>
        <member name="F:MediaDevices.Commands.ObjectPropertiesSet">
            <summary>
            This command is used when the client requests to write a set of property values on the specified object. 
            </summary>
        </member>
        <member name="F:MediaDevices.Commands.ObjectPropertiesGetAll">
            <summary>
            This command is used when the client requests all property values for the specified object. 
            </summary>
        </member>
        <member name="F:MediaDevices.Commands.ObjectPropertiesDelete">
            <summary>
            This command is sent when the caller wants to delete properties from the specified object. 
            </summary>
        </member>
        <member name="F:MediaDevices.Commands.ObjectResourcesGetSupported">
            <summary>
            This command is sent when a client wants to get the list of resources supported on a particular object. 
            </summary>
        </member>
        <member name="F:MediaDevices.Commands.ObjectResourcesGetAttributes">
            <summary>
            This command is used when the client requests the attributes for the specified object resource.
            </summary>
        </member>
        <member name="F:MediaDevices.Commands.ObjectResourcesOpen">
            <summary>
            Dependent on the value of WPD_PROPERTY_OBJECT_RESOURCES_ACCESS_MODE.  
            STGM_READ will indicate FILE_READ_ACCESS for the command, anything else will indicate (FILE_READ_ACCESS | FILE_WRITE_ACCESS).
            </summary>
        </member>
        <member name="F:MediaDevices.Commands.ObjectResourcesRead">
            <summary>
            This command is sent when a client wants to read the next band of data from a previously opened object resource.
            </summary>
        </member>
        <member name="F:MediaDevices.Commands.ObjectResourcesWrite">
            <summary>
            This command is sent when a client wants to write the next band of data to a previously opened object resource. 
            </summary>
        </member>
        <member name="F:MediaDevices.Commands.ObjectResourcesClose">
            <summary>
            This command is sent when a client is finished transferring data to a previously opened object resource. 
            </summary>
        </member>
        <member name="F:MediaDevices.Commands.ObjectResourcesDelete">
            <summary>
            This command is sent when the client wants to delete the data associated with the specified resources from the specified object.
            </summary>
        </member>
        <member name="F:MediaDevices.Commands.ObjectResourcesCreateResource">
            <summary>
            This command is sent when a client wants to create a new object resource on the device. 
            </summary>
        </member>
        <member name="F:MediaDevices.Commands.ObjectResourcesRevert">
            <summary>
            This command is sent when a client wants to cancel the resource creation request that is currently still in progress.
            </summary>
        </member>
        <member name="F:MediaDevices.Commands.ObjectResourcesSeek">
            <summary>
            This command is sent when a client wants to seek to a specific offset in the data stream.
            </summary>
        </member>
        <member name="F:MediaDevices.Commands.ObjectResourcesCommit">
            <summary>
            This command is sent when a client wants to commit changes to a data stream. 
            </summary>
        </member>
        <member name="F:MediaDevices.Commands.ObjectResourcesSeekInUnits">
            <summary>
            This command is sent when a client wants to seek to a specific offset in the data stream using alternate units.  
            </summary>
        </member>
        <member name="F:MediaDevices.Commands.CapabilitiesGetSupportedCommands">
            <summary>
            Return all commands supported by this driver. This includes custom commands, if any.   
            </summary>
        </member>
        <member name="F:MediaDevices.Commands.CapabilitiesGetCommandOptions">
            <summary>
            Returns the supported options for the specified command.  
            </summary>
        </member>
        <member name="F:MediaDevices.Commands.CapabilitiesGetSupportedFunctionalCategories">
            <summary>
            This command is used by clients to query the functional categories supported by the driver. 
            </summary>
        </member>
        <member name="F:MediaDevices.Commands.CapabilitiesGetFunctionalObjects">
            <summary>
             Retrieves the ObjectIDs of the objects belonging to the specified functional category. 
            </summary>
        </member>
        <member name="F:MediaDevices.Commands.CapabilitiesGetSupportedContentTypes">
            <summary>
             Retrieves the list of content types supported by this driver for the specified functional category. 
            </summary>
        </member>
        <member name="F:MediaDevices.Commands.CapabilitiesGetSupportedFormats">
            <summary>
             This command is used to query the possible formats supported by the specified content type 
             (e.g. for image objects, the driver may choose to support JPEG and BMP files).
            </summary>
        </member>
        <member name="F:MediaDevices.Commands.CapabilitiesGetSupportedFormatProperties">
            <summary>
             Get the list of properties that an object of the given format supports. 
            </summary>
        </member>
        <member name="F:MediaDevices.Commands.CapabilitiesGetFixedPropertyAttributes">
            <summary>
            Returns the property attributes that are the same for all objects of the given format. 
            </summary>
        </member>
        <member name="F:MediaDevices.Commands.CapabilitiesGetSupportedEvents">
            <summary>
            Return all events supported by this driver. This includes custom events, if any.
            </summary>
        </member>
        <member name="F:MediaDevices.Commands.CapabilitiesGetEventOptions">
            <summary>
            Return extra information about a specified event, such as whether the event is for notification or action purposes. 
            </summary>
        </member>
        <member name="F:MediaDevices.Commands.ObjectManagementCreateObjectWithPropertiesOnly">
            <summary>
            This command is sent when a client wants to create a new object on the device, specified only by properties.
            </summary>
        </member>
        <member name="F:MediaDevices.Commands.ObjectManagementCreateObjectWithPropertiesAndData">
            <summary>
            This command is sent when a client wants to create a new object on the device, specified by properties and data. 
            </summary>
        </member>
        <member name="F:MediaDevices.Commands.ObjectManagementWriteObjectData">
            <summary>
            This command is sent when a client wants to write the next band of data to a newly created object or an object being updated. 
            </summary>
        </member>
        <member name="F:MediaDevices.Commands.ObjectManagementCommitObject">
            <summary>
            This command is sent when a client has finished sending all the data associated with an object creation or update request,
            and wishes to ensure that the object is saved to the device. 
            </summary>
        </member>
        <member name="F:MediaDevices.Commands.ObjectManagementRevertObject">
            <summary>
            This command is sent when a client wants to cancel the object creation or update request that is currently still in progress.
            </summary>
        </member>
        <member name="F:MediaDevices.Commands.ObjectManagementDeleteObjects">
            <summary>
            This command is sent when the client wishes to remove a set of objects from the device.
            </summary>
        </member>
        <member name="F:MediaDevices.Commands.ObjectManagementMoveObjects">
            <summary>
            This command will move the specified objects to the destination folder. 
            </summary>
        </member>
        <member name="F:MediaDevices.Commands.ObjectManagementCopyObjects">
            <summary>
            This command will copy the specified objects to the destination folder. 
            </summary>
        </member>
        <member name="F:MediaDevices.Commands.ObjectManagementUpdateObjectsWithPropertiesAnsData">
            <summary>
            This command is sent when a client wants to update the object's data and dependent properties simultaneously. 
            </summary>
        </member>
        <member name="F:MediaDevices.Commands.ObjectPropertiesBulkGetValuesByObjectListStart">
            <summary>
            Initializes the operation to get the property values for all caller-specified objects. 
            </summary>
        </member>
        <member name="F:MediaDevices.Commands.ObjectPropertiesBulkGetValuesByObjectListNext">
            <summary>
            Get the next set of property values. 
            </summary>
        </member>
        <member name="F:MediaDevices.Commands.ObjectPropertiesBulkGetValuesByObjectListEnd">
            <summary>
            Ends the bulk property operation for getting property values by object list. 
            </summary>
        </member>
        <member name="F:MediaDevices.Commands.ObjectPropertiesBulkGetValuesByObjectFormatStart">
            <summary>
            Initializes the operation to get the property values for objects of the specified format 
            </summary>
        </member>
        <member name="F:MediaDevices.Commands.ObjectPropertiesBulkGetValuesByObjectFormatNext">
            <summary>
            Get the next set of property values. 
            </summary>
        </member>
        <member name="F:MediaDevices.Commands.ObjectPropertiesBulkGetValuesByObjectFormatEnd">
            <summary>
            Ends the bulk property operation for getting property values by object format.  
            </summary>
        </member>
        <member name="F:MediaDevices.Commands.ObjectPropertiesBulkSetValuesByObjectListStart">
            <summary>
            Initializes the operation to set the property values for specified objects.
            </summary>
        </member>
        <member name="F:MediaDevices.Commands.ObjectPropertiesBulkSetValuesByObjectListNext">
            <summary>
            Set the next set of property values. 
            </summary>
        </member>
        <member name="F:MediaDevices.Commands.ObjectPropertiesBulkSetValuesByObjectListEnd">
            <summary>
            Ends the bulk property operation for setting property values by object list.  
            </summary>
        </member>
        <member name="F:MediaDevices.Commands.GenerateKeypair">
            <summary>
            Initiates the generation of a public/private key pair and returns the public key.   
            </summary>
        </member>
        <member name="F:MediaDevices.Commands.CommitKeypair">
            <summary>
            Commits a public/private key pair.  
            </summary>
        </member>
        <member name="F:MediaDevices.Commands.ProcessWirelessProfile">
            <summary>
            Initiates the processing of a Wireless Profile file.  
            </summary>
        </member>
        <member name="T:MediaDevices.ContentType">
            <summary>
            Supported content.
            </summary>
        </member>
        <member name="F:MediaDevices.ContentType.Unknown">
            <summary>
            Unknown
            </summary>
        </member>
        <member name="F:MediaDevices.ContentType.FunctionalObject">
            <summary>
            Indicates this object represents a functional object, not content data on the device.
            </summary>
        </member>
        <member name="F:MediaDevices.ContentType.Folder">
            <summary>
            Indicates this object is a folder.
            </summary>
        </member>
        <member name="F:MediaDevices.ContentType.Image">
            <summary>
            Indicates this object represents image data (e.g. a JPEG file)
            </summary>
        </member>
        <member name="F:MediaDevices.ContentType.Document">
            <summary>
            Indicates this object represents document data (e.g. a MS WORD file, TEXT file, etc.)
            </summary>
        </member>
        <member name="F:MediaDevices.ContentType.Contact">
            <summary>
            Indicates this object represents contact data (e.g. name/number, or a VCARD file)
            </summary>
        </member>
        <member name="F:MediaDevices.ContentType.ContactGroup">
            <summary>
            Indicates this object represents a group of contacts.
            </summary>
        </member>
        <member name="F:MediaDevices.ContentType.Audio">
            <summary>
            Indicates this object represents audio data (e.g. a WMA or MP3 file)
            </summary>
        </member>
        <member name="F:MediaDevices.ContentType.Video">
            <summary>
            Indicates this object represents video data (e.g. a WMV or AVI file)
            </summary>
        </member>
        <member name="F:MediaDevices.ContentType.Television">
            <summary>
            Indicates this object represents a television recording.
            </summary>
        </member>
        <member name="F:MediaDevices.ContentType.Playlist">
            <summary>
            Indicates this object represents a playlist.
            </summary>
        </member>
        <member name="F:MediaDevices.ContentType.MixedContentAlbum">
            <summary>
            Indicates this object represents an album, which may contain objects of different content types (typically, MUSIC, IMAGE and VIDEO).
            </summary>
        </member>
        <member name="F:MediaDevices.ContentType.AudioAlbum">
            <summary>
            Indicates this object represents an audio album.
            </summary>
        </member>
        <member name="F:MediaDevices.ContentType.ImageAlbum">
            <summary>
            Indicates this object represents an image album.
            </summary>
        </member>
        <member name="F:MediaDevices.ContentType.VideoAlbum">
            <summary>
            Indicates this object represents a video album.
            </summary>
        </member>
        <member name="F:MediaDevices.ContentType.Memo">
            <summary>
            Indicates this object represents memo data
            </summary>
        </member>
        <member name="F:MediaDevices.ContentType.EMail">
            <summary>
            Indicates this object represents e-mail data
            </summary> 
        </member>
        <member name="F:MediaDevices.ContentType.Appointment">
            <summary>
            Indicates this object represents an appointment in a calendar
            </summary>
        </member>
        <member name="F:MediaDevices.ContentType.Task">
            <summary>
            Indicates this object represents a task for tracking (e.g. a TODO list)
            </summary>
        </member>
        <member name="F:MediaDevices.ContentType.Program">
            <summary>
            Indicates this object represents a file that can be run. This could be a script, executable and so on.
            </summary>
        </member>
        <member name="F:MediaDevices.ContentType.GenericFile">
            <summary>
            Indicates this object represents a file that does not fall into any of the other predefined WPD types for files.
            </summary>
        </member>
        <member name="F:MediaDevices.ContentType.Calendar">
            <summary>
            Indicates this object represents a calender
            </summary>
        </member>
        <member name="F:MediaDevices.ContentType.GenericMessage">
            <summary>
            Indicates this object represents a message (e.g. SMS message, E-Mail message, etc.)
            </summary>
        </member>
        <member name="F:MediaDevices.ContentType.NetworkAssociation">
            <summary>
            Indicates this object represents an association between a host and a device.     
            </summary>
        </member>
        <member name="F:MediaDevices.ContentType.Certificate">
            <summary>
            Indicates this object represents certificate used for authentication.
            </summary>
        </member>
        <member name="F:MediaDevices.ContentType.WirelessProfile">
            <summary>
            Indicates this object represents wireless network access information.
            </summary>
        </member>
        <member name="F:MediaDevices.ContentType.MediaCast">
            <summary>
            Indicates this object represents a media cast. A media cast object can be though
            of as a container object that groups related content, similar to how a playlist 
            groups songs to play. Often, a media cast object is used to group media content 
            originally published online.
            </summary>
        </member>
        <member name="F:MediaDevices.ContentType.Section">
            <summary>
            Indicates this object describes a section of data contained in another object. 
            The WPD_OBJECT_REFERENCES property indicates which object contains the actual data.
            </summary>
        </member>
        <member name="F:MediaDevices.ContentType.Unspecified">
            <summary>
            Indicates this object doesn't fall into the predefined WPD content types
            </summary>
        </member>
        <member name="F:MediaDevices.ContentType.All">
            <summary>
            This content type is only valid as a parameter to API functions and driver commands. 
            It should not be reported as a supported content type by the driver.
            </summary>
        </member>
        <member name="T:MediaDevices.DeviceTransport">
            <summary>
            device transports
            </summary>
        </member>
        <member name="F:MediaDevices.DeviceTransport.NotSupported">
            <summary>
            not supportet by driver
            </summary>
        </member>
        <member name="F:MediaDevices.DeviceTransport.Unspecified">
            <summary>
            unspecified transport
            </summary>
        </member>
        <member name="F:MediaDevices.DeviceTransport.USB">
            <summary>
            USB transport
            </summary>
        </member>
        <member name="F:MediaDevices.DeviceTransport.IP">
            <summary>
            IP transport
            </summary>
        </member>
        <member name="F:MediaDevices.DeviceTransport.Bluetooth">
            <summary>
            bluetooth transport
            </summary>
        </member>
        <member name="T:MediaDevices.DeviceType">
            <summary>
            device types
            </summary>
        </member>
        <member name="F:MediaDevices.DeviceType.Generic">
            <summary>
            generic device type
            </summary>
        </member>
        <member name="F:MediaDevices.DeviceType.Camera">
            <summary>
            camera device type
            </summary>
        </member>
        <member name="F:MediaDevices.DeviceType.MediaPlayer">
            <summary>
            media player device type
            </summary>
        </member>
        <member name="F:MediaDevices.DeviceType.Phone">
            <summary>
            phone device type
            </summary>
        </member>
        <member name="F:MediaDevices.DeviceType.Video">
            <summary>
            video device type
            </summary>
        </member>
        <member name="F:MediaDevices.DeviceType.PersonalInformationManager">
            <summary>
            personal information manager device type
            </summary>
        </member>
        <member name="F:MediaDevices.DeviceType.AudioRecorder">
            <summary>
            audio recorderdevice type
            </summary>
        </member>
        <member name="T:MediaDevices.Events">
            <summary>
            Supported events
            </summary>
        </member>
        <member name="F:MediaDevices.Events.Unknown">
            <summary>
            Unknown
            </summary>
        </member>
        <member name="F:MediaDevices.Events.Notification">
            <summary>
            This GUID is used to identify all WPD driver events to the event sub-system. The driver uses this as the GUID identifier when it queues an event with IWdfDevice::PostEvent(). Applications never use this value.
            </summary>
        </member>
        <member name="F:MediaDevices.Events.ObjectAdded">
            <summary>
            This event is sent after a new object is available on the device.
            </summary>
        </member>
        <member name="F:MediaDevices.Events.ObjectRemoved">
            <summary>
            This event is sent after a previously existing object has been removed from the device.
            </summary>
        </member>
        <member name="F:MediaDevices.Events.ObjectUpdated">
            <summary>
            This event is sent after an object has been updated such that any connected client should refresh its view of that object.
            </summary>
        </member>
        <member name="F:MediaDevices.Events.DeviceReset">
            <summary>
            This event indicates that the device is about to be reset, and all connected clients should close their connection to the device. 
            </summary>
        </member>
        <member name="F:MediaDevices.Events.DeviceCapabilitiesUpdated">
            <summary>
            This event indicates that the device capabilities have changed. Clients should re-query the device if they have made any decisions based on device capabilities.
            </summary>
        </member>
        <member name="F:MediaDevices.Events.StorageFormat">
            <summary>
            This event indicates the progress of a format operation on a storage object.
            </summary>
        </member>
        <member name="F:MediaDevices.Events.ObjectTransferRequest">
            <summary>
            This event is sent to request an application to transfer a particular object from the device.
            </summary>
        </member>
        <member name="F:MediaDevices.Events.DeviceRemoved">
            <summary>
            This event is sent when a driver for a device is being unloaded. This is typically a result of the device being unplugged.
            </summary>
        </member>
        <member name="F:MediaDevices.Events.ServiceMethodComplete">
            <summary>
            This event is sent when a driver has completed invoking a service method. This event must be sent even when the method fails.
            </summary>
        </member>
        <member name="T:MediaDevices.FunctionalCategory">
            <summary>
            Functional categories
            </summary>
        </member>
        <member name="F:MediaDevices.FunctionalCategory.Unknown">
            <summary>
            Unknown
            </summary>
        </member>
        <member name="F:MediaDevices.FunctionalCategory.Device">
            <summary>
            Used for the device object, which is always the top-most object of the device. 
            </summary>
        </member>
        <member name="F:MediaDevices.FunctionalCategory.Storage">
            <summary>
            Indicates this object encapsulates storage functionality on the device 
            (e.g. memory cards, internal memory)
            </summary>
        </member>
        <member name="F:MediaDevices.FunctionalCategory.StillImageCapture">
            <summary>
            Indicates this object encapsulates still image capture functionality on the device 
            (e.g. camera or camera attachment) 
            </summary>            
        </member>
        <member name="F:MediaDevices.FunctionalCategory.AudioCapture">
            <summary>
            Indicates this object encapsulates audio capture functionality on the device 
            (e.g. voice recorder or other audio recording component) 
            </summary>               
        </member>
        <member name="F:MediaDevices.FunctionalCategory.VideoCapture">
            <summary>
            Indicates this object encapsulates video capture functionality on the device 
            (e.g. video recorder or video recording component) 
            </summary>                      
        </member>
        <member name="F:MediaDevices.FunctionalCategory.SMS">
            <summary>
            Indicates this object encapsulates SMS sending functionality on the device 
            (not the receiving or saved SMS messages since those are represented as content objects on the device)
            </summary>                     
        </member>
        <member name="F:MediaDevices.FunctionalCategory.RenderingInformation">
            <summary>
            Indicates this object provides information about the rendering characteristics of the device. 
            </summary>                            
        </member>
        <member name="F:MediaDevices.FunctionalCategory.NetworkConfiguration">
            <summary>
            Indicates this object encapsulates network configuration functionality on the device 
            (e.g. WiFi Profiles, Partnerships). 
            </summary>                 
        </member>
        <member name="F:MediaDevices.FunctionalCategory.All">
            <summary>
            This functional category is only valid as a parameter to API functions and driver commands. 
            It should not be reported as a supported functional category by the driver.
            </summary>                  
        </member>
        <member name="F:MediaDevices.HResult.E_WPD_DEVICE_ALREADY_OPENED">
            <summary>
            The device connection has already been opened by a prior call to IPortableDevice::Open.
            </summary>
        </member>
        <member name="F:MediaDevices.HResult.E_WPD_DEVICE_IS_HUNG">
            <summary>
            The device will no longer respond to input.
            </summary>
        </member>
        <member name="F:MediaDevices.HResult.E_WPD_DEVICE_NOT_OPEN">
            <summary>
            The device connection has not yet been opened by a call to IPortableDevice::Open.
            </summary>
        </member>
        <member name="F:MediaDevices.HResult.E_WPD_OBJECT_ALREADY_ATTACHED_TO_DEVICE">
            <summary>
            The interface object has already been attached to the device interface.
            </summary>
        </member>
        <member name="F:MediaDevices.HResult.E_WPD_OBJECT_ALREADY_ATTACHED_TO_SERVICE">
            <summary>
            The interface object has already been attached to the IPortableDeviceService interface.
            </summary>
        </member>
        <member name="F:MediaDevices.HResult.E_WPD_OBJECT_NOT_ATTACHED_TO_DEVICE">
            <summary>
            The interface object has not been attached to the device.
            </summary>
        </member>
        <member name="F:MediaDevices.HResult.E_WPD_OBJECT_NOT_ATTACHED_TO_SERVICE">
            <summary>
            The interface object has not been attached to the IPortableDeviceService interface. Typically, this is returned if the application tries to access methods of an attached interface, such as IPortableDeviceServiceCapabilities, after IPortableDevice::Close is called.
            </summary>
        </member>
        <member name="F:MediaDevices.HResult.E_WPD_OBJECT_NOT_COMMITED">
            <summary>
            IStream::Commit was never called when creating an object with data on a device.
            </summary>
        </member>
        <member name="F:MediaDevices.HResult.E_WPD_SERVICE_ALREADY_OPENED">
            <summary>
            The service connection has already been opened by a prior call to IPortableDevice::Open.
            </summary>
        </member>
        <member name="F:MediaDevices.HResult.E_WPD_SERVICE_BAD_PARAMETER_ORDER">
            <summary>
            The method parameters for IPortableDeviceServiceMethods::Invoke or IPortableDeviceServiceMethods::InvokeAsync are not set in the correct order.The parameter must be set in the ordering specified by WPD_PARAMETER_ATTRIBUTE_ORDER.
            </summary>
        </member>
        <member name="F:MediaDevices.HResult.E_WPD_SERVICE_NOT_OPEN">
            <summary>
            The service connection has not yet been opened by a call to IPortableDeviceService::Open.
            </summary>
        </member>
        <member name="F:MediaDevices.HResult.E_WPD_SMS_INVALID_RECIPIENT">
            <summary>
            The recipient specified for an SMS message is invalid.
            </summary>
        </member>
        <member name="F:MediaDevices.HResult.E_WPD_SMS_INVALID_MESSAGE_BODY">
            <summary>
            The body of a message specified for an SMS message is invalid.
            </summary>
        </member>
        <member name="F:MediaDevices.HResult.E_WPD_SMS_SERVICE_UNAVAILABLE">
            <summary>
            The SMS service is unavailable.
            </summary>
        </member>
        <member name="F:MediaDevices.HResult.NS_E_DRM_DEBUGGING_NOT_ALLOWED">
            <summary>
            You cannot debug when accessing DRM-protected content.
            </summary>
        </member>
        <member name="F:MediaDevices.HResult.NS_E_NOT_LICENSED">
            <summary>
            The content is not licensed.
            </summary>
        </member>
        <member name="F:MediaDevices.HResult.ERROR_NOT_FOUND">
            <summary>
            May be used to indicate that the device supports a property, but that property value is currently empty or uninitialized. 
            May be used to indicate that the internal context for a long-running operation no longer exists, as the operation has 
            completed or has been cancelled. Examples of such operations include bulk properties, object enumeration, transfer, 
            and invoking device service methods. Applications should retry the operation from the beginning. May be used to indicate 
            that the specified object does not exist. The child object may be outside of the device service hierarchy. 
            </summary>
        </member>
        <member name="T:MediaDevices.MediaDevice">
            <summary>
            Represents a portable device.
            </summary>
        </member>
        <member name="E:MediaDevices.MediaDevice.ObjectAdded">
            <summary>
            This event is sent after a new object is available on the device.
            </summary>
        </member>
        <member name="E:MediaDevices.MediaDevice.ObjectRemoved">
            <summary>
            This event is sent after a previously existing object has been removed from the device.
            </summary>
            
        </member>
        <member name="E:MediaDevices.MediaDevice.ObjectUpdated">
            <summary>
            This event is sent after an object has been updated such that any connected client should refresh its view of that object.
            </summary>
        </member>
        <member name="E:MediaDevices.MediaDevice.DeviceReset">
            <summary>
            This event indicates that the device is about to be reset, and all connected clients should close their connection to the device. 
            </summary>
        </member>
        <member name="E:MediaDevices.MediaDevice.DeviceCapabilitiesUpdated">
            <summary>
            This event indicates that the device capabilities have changed. Clients should re-query the device if they have made any decisions based on device capabilities.
            </summary>
        </member>
        <member name="E:MediaDevices.MediaDevice.StorageFormat">
            <summary>
            This event indicates the progress of a format operation on a storage object.
            </summary>
        </member>
        <member name="E:MediaDevices.MediaDevice.ObjectTransferRequest">
            <summary>
            This event is sent to request an application to transfer a particular object from the device.
            </summary>
        </member>
        <member name="E:MediaDevices.MediaDevice.DeviceRemoved">
            <summary>
            This event is sent when a driver for a device is being unloaded. This is typically a result of the device being unplugged.
            </summary>
        </member>
        <member name="E:MediaDevices.MediaDevice.ServiceMethodComplete">
            <summary>
            This event is sent when a driver has completed invoking a service method. This event must be sent even when the method fails.
            </summary>
        </member>
        <member name="M:MediaDevices.MediaDevice.GetDevices">
            <summary>
            Returns an enumerable collection of currently available portable devices.
            </summary>
            <returns>>An enumerable collection of portable devices currently available.</returns>
        </member>
        <member name="M:MediaDevices.MediaDevice.GetPrivateDevices">
            <summary>
            Returns an enumerable collection of currently available private portable devices.
            </summary>
            <returns>>An enumerable collection of private portable devices currently available.</returns>
        </member>
        <member name="M:MediaDevices.MediaDevice.Dispose">
            <summary>
            Releases the resources used by the PortableDevices.PortableDevice.
            </summary>
        </member>
        <member name="M:MediaDevices.MediaDevice.ToString">
            <summary>
            Overrides ToString for debug use.
            </summary>
            <returns>A string with the friendly name, the manufacture and the description.</returns>
        </member>
        <member name="P:MediaDevices.MediaDevice.IsConnected">
            <summary>
            Is portable device connected.
            </summary>
        </member>
        <member name="P:MediaDevices.MediaDevice.DeviceId">
            <summary>
            Device Id of the portable device.
            </summary>
            <remarks>Readable when not connected.</remarks>
        </member>
        <member name="P:MediaDevices.MediaDevice.Description">
            <summary>
            Description of the portable device.
            </summary>
            <remarks>Readable when not connected.</remarks>
        </member>
        <member name="P:MediaDevices.MediaDevice.FriendlyName">
            <summary>
            Friendly name of the portable device.
            </summary>
            <remarks>Readable when not connected.</remarks>
            <exception cref="T:MediaDevices.NotConnectedException">device is not connected. only for setter</exception>
        </member>
        <member name="P:MediaDevices.MediaDevice.Manufacture">
            <summary>
            Manufacture of the portable device.
            </summary>
            <remarks>Readable when not connected.</remarks>
        </member>
        <member name="P:MediaDevices.MediaDevice.SyncPartner">
            <summary>
            Sync partner of the device.
            </summary>
            <exception cref="T:MediaDevices.NotConnectedException">device is not connected.</exception>
        </member>
        <member name="P:MediaDevices.MediaDevice.FirmwareVersion">
            <summary>
            Firmware version of the portable device.
            </summary>
            <exception cref="T:MediaDevices.NotConnectedException">device is not connected.</exception>
        </member>
        <member name="P:MediaDevices.MediaDevice.PowerLevel">
            <summary>
            Battery level of the portable device.
            </summary>
            <exception cref="T:MediaDevices.NotConnectedException">device is not connected.</exception>
        </member>
        <member name="P:MediaDevices.MediaDevice.PowerSource">
            <summary>
            Power source of the device.
            </summary>
            <exception cref="T:MediaDevices.NotConnectedException">device is not connected.</exception>
        </member>
        <member name="P:MediaDevices.MediaDevice.Protocol">
            <summary>
            Protocol of the device.
            </summary>
            <exception cref="T:MediaDevices.NotConnectedException">device is not connected.</exception>
        </member>
        <member name="P:MediaDevices.MediaDevice.Manufacturer">
            <summary>
            Manufacturer of the device.
            </summary>
            <exception cref="T:MediaDevices.NotConnectedException">device is not connected.</exception>
        </member>
        <member name="P:MediaDevices.MediaDevice.Model">
            <summary>
            Model of the portable device.
            </summary>
            <exception cref="T:MediaDevices.NotConnectedException">device is not connected.</exception>
        </member>
        <member name="P:MediaDevices.MediaDevice.SerialNumber">
            <summary>
            Serial number of the portable device.
            </summary>
            <exception cref="T:MediaDevices.NotConnectedException">device is not connected.</exception>
        </member>
        <member name="P:MediaDevices.MediaDevice.SupportsNonConsumable">
            <summary>
            Supports non consumable.
            </summary>
            <exception cref="T:MediaDevices.NotConnectedException">device is not connected.</exception>
        </member>
        <member name="P:MediaDevices.MediaDevice.SupportedFormatsAreOrdered">
            <summary>
            Supported formats are ordered.
            </summary>
            <exception cref="T:MediaDevices.NotConnectedException">device is not connected.</exception>
        </member>
        <member name="P:MediaDevices.MediaDevice.DeviceType">
            <summary>
            Device type of the portable device.
            </summary>
            <exception cref="T:MediaDevices.NotConnectedException">device is not connected.</exception>
        </member>
        <member name="P:MediaDevices.MediaDevice.Transport">
            <summary>
            Device transport.
            </summary>
            <exception cref="T:MediaDevices.NotConnectedException">device is not connected.</exception>
        </member>
        <member name="P:MediaDevices.MediaDevice.PnPDeviceID">
            <summary>
            PnP device ID
            </summary>
            <exception cref="T:MediaDevices.NotConnectedException">device is not connected.</exception>
        </member>
        <member name="M:MediaDevices.MediaDevice.Connect">
            <summary>
            Connect to the portable device.
            </summary>
        </member>
        <member name="M:MediaDevices.MediaDevice.Disconnect">
            <summary>
            Disconnect from the portable device.
            </summary>
        </member>
        <member name="M:MediaDevices.MediaDevice.Cancel">
            <summary>
            The Cancel method cancels a pending operation on this device. 
            </summary>
            <exception cref="T:MediaDevices.NotConnectedException">device is not connected.</exception>
        </member>
        <member name="M:MediaDevices.MediaDevice.EnumerateDirectories(System.String)">
            <summary>
            Returns an enumerable collection of directory names in a specified path.
            </summary>
            <param name="path">The directory to search.</param>
            <returns>An enumerable collection of directory names in the directory specified by path.</returns>
            <exception cref="T:System.IO.IOException">path is a file name.</exception>
            <exception cref="T:System.ArgumentException">path is a zero-length string, contains only white space, or contains invalid characters as defined by System.IO.Path.GetInvalidPathChars.</exception>
            <exception cref="T:System.ArgumentNullException">path is null.</exception>
            <exception cref="T:System.IO.DirectoryNotFoundException">path is invalid.</exception>
            <exception cref="T:MediaDevices.NotConnectedException">device is not connected.</exception>
        </member>
        <member name="M:MediaDevices.MediaDevice.EnumerateDirectories(System.String,System.String,System.IO.SearchOption)">
            <summary>
            Returns an enumerable collection of directory information that matches a specified search pattern and search subdirectory option. 
            </summary>
            <param name="path">The directory to search in.</param>
            <param name="searchPattern">The search string to match against the names of directories. This parameter can contain a combination of valid literal path and wildcard (* and ?) characters (see Remarks), but doesn't support regular expressions. The default pattern is "*", which returns all files.</param>
            <param name="searchOption">One of the enumeration values that specifies whether the search operation should include only the current directory or all subdirectories. The default value is TopDirectoryOnly.</param>
            <returns>An enumerable collection of directories that matches searchPattern and searchOption.</returns>
            <remarks>searchPattern can be a combination of literal and wildcard characters, but doesn't support regular expressions.</remarks>
            <exception cref="T:System.IO.IOException">path is a file name.</exception>
            <exception cref="T:System.ArgumentException">path is a zero-length string, contains only white space, or contains invalid characters as defined by System.IO.Path.GetInvalidPathChars.</exception>
            <exception cref="T:System.ArgumentNullException">path is null.</exception>
            <exception cref="T:System.IO.DirectoryNotFoundException">path is invalid.</exception>
            <exception cref="T:MediaDevices.NotConnectedException">device is not connected.</exception>
        </member>
        <member name="M:MediaDevices.MediaDevice.EnumerateFiles(System.String)">
            <summary>
            Returns an enumerable collection of file names in a specified path.
            </summary>
            <param name="path">The directory to search.</param>
            <returns>An enumerable collection of file names in the directory specified by path.</returns>
            <exception cref="T:System.IO.IOException">path is a file name.</exception>
            <exception cref="T:System.ArgumentException">path is a zero-length string, contains only white space, or contains invalid characters as defined by System.IO.Path.GetInvalidPathChars.</exception>
            <exception cref="T:System.ArgumentNullException">path is null.</exception>
            <exception cref="T:System.IO.DirectoryNotFoundException">path is invalid.</exception>
            <exception cref="T:MediaDevices.NotConnectedException">device is not connected.</exception>
        </member>
        <member name="M:MediaDevices.MediaDevice.EnumerateFiles(System.String,System.String,System.IO.SearchOption)">
            <summary>
            Returns an enumerable collection of file names that match a search pattern in a specified path, and optionally searches subdirectories.
            </summary>
            <param name="path">The absolute path to the directory to search. This string is case-sensitive.</param>
            <param name="searchPattern">The search string to match against the names of files in path. This parameter can contain a combination of valid literal path and wildcard (* and ?) characters, but doesn't support regular expressions.</param>
            <param name="searchOption">One of the enumeration values that specifies whether the search operation should include only the current directory or should include all subdirectories.</param>
            <returns>An enumerable collection of the full names (including paths) for the files in the directory specified by path and that match the specified search pattern and option.</returns>
            <exception cref="T:System.IO.IOException">path is a file name.</exception>
            <exception cref="T:System.ArgumentException">path is a zero-length string, contains only white space, or contains invalid characters as defined by System.IO.Path.GetInvalidPathChars.</exception>
            <exception cref="T:System.ArgumentNullException">path is null.</exception>
            <exception cref="T:System.IO.DirectoryNotFoundException">path is invalid.</exception>
            <exception cref="T:MediaDevices.NotConnectedException">device is not connected.</exception>
        </member>
        <member name="M:MediaDevices.MediaDevice.EnumerateFileSystemEntries(System.String)">
            <summary>
            Returns an enumerable collection of file-system entries in a specified path.
            </summary>
            <param name="path">The directory to search.</param>
            <returns>An enumerable collection of file-system entries in the directory specified by path.</returns>
            <exception cref="T:System.IO.IOException">path is a file name.</exception>
            <exception cref="T:System.ArgumentException">path is a zero-length string, contains only white space, or contains invalid characters as defined by System.IO.Path.GetInvalidPathChars.</exception>
            <exception cref="T:System.ArgumentNullException">path is null.</exception>
            <exception cref="T:System.IO.DirectoryNotFoundException">path is invalid.</exception>
            <exception cref="T:MediaDevices.NotConnectedException">device is not connected.</exception>
        </member>
        <member name="M:MediaDevices.MediaDevice.EnumerateFileSystemEntries(System.String,System.String,System.IO.SearchOption)">
            <summary>
            Returns an enumerable collection of file names and directory names that match a search pattern in a specified path, and optionally searches subdirectories.
            </summary>
            <param name="path">The absolute path to the directory to search. This string is case-sensitive.</param>
            <param name="searchPattern">The search string to match against file-system entries in path. This parameter can contain a combination of valid literal path and wildcard (* and ?) characters, but doesn't support regular expressions.</param>
            <param name="searchOption">One of the enumeration values that specifies whether the search operation should include only the current directory or should include all subdirectories.</param>
            <returns>An enumerable collection of file-system entries in the directory specified by path and that match the specified search pattern and option.</returns>
            <exception cref="T:System.IO.IOException">path is a file name.</exception>
            <exception cref="T:System.ArgumentException">path is a zero-length string, contains only white space, or contains invalid characters as defined by System.IO.Path.GetInvalidPathChars.</exception>
            <exception cref="T:System.ArgumentNullException">path is null.</exception>
            <exception cref="T:System.IO.DirectoryNotFoundException">path is invalid.</exception>
            <exception cref="T:MediaDevices.NotConnectedException">device is not connected.</exception>
        </member>
        <member name="M:MediaDevices.MediaDevice.CreateDirectory(System.String)">
            <summary>
            Creates all directories and subdirectories in the specified path.
            </summary>
            <param name="path">The directory path to create.</param>
            <exception cref="T:System.IO.IOException">path is a file name.</exception>
            <exception cref="T:System.ArgumentException">path is a zero-length string, contains only white space, or contains invalid characters as defined by System.IO.Path.GetInvalidPathChars.</exception>
            <exception cref="T:System.ArgumentNullException">path is null.</exception>
            <exception cref="T:System.IO.DirectoryNotFoundException">path is invalid.</exception>
            <exception cref="T:MediaDevices.NotConnectedException">device is not connected.</exception>
        </member>
        <member name="M:MediaDevices.MediaDevice.DeleteDirectory(System.String,System.Boolean)">
            <summary>
            Deletes the specified directory and, if indicated, any subdirectories and files in the directory.
            </summary>
            <param name="path">The name of the directory to remove.</param>
            <param name="recursive">true to remove directories, subdirectories, and files in path; otherwise, false.</param>
            <exception cref="T:System.IO.IOException">path is a file name.</exception>
            <exception cref="T:System.ArgumentException">path is a zero-length string, contains only white space, or contains invalid characters as defined by System.IO.Path.GetInvalidPathChars.</exception>
            <exception cref="T:System.ArgumentNullException">path is null.</exception>
            <exception cref="T:System.IO.DirectoryNotFoundException">path is invalid.</exception>
            <exception cref="T:MediaDevices.NotConnectedException">device is not connected.</exception>
        </member>
        <member name="M:MediaDevices.MediaDevice.DirectoryExists(System.String)">
            <summary>
            Determines whether the given path refers to an existing directory on disk.
            </summary>
            <param name="path">The path to test.</param>
            <returns>true if path refers to an existing directory; otherwise, false.</returns>
            <exception cref="T:System.ArgumentException">path is a zero-length string, contains only white space, or contains invalid characters as defined by System.IO.Path.GetInvalidPathChars.</exception>
            <exception cref="T:System.ArgumentNullException">path is null.</exception>
            <exception cref="T:MediaDevices.NotConnectedException">device is not connected.</exception>
        </member>
        <member name="M:MediaDevices.MediaDevice.DownloadFile(System.String,System.IO.Stream)">
            <summary>
            Download data from a file on a portable device to a stream.
            </summary>
            <param name="path">The path to the file.</param>
            <param name="stream">The stream to download to.</param>
            <exception cref="T:System.IO.IOException">path is a file name.</exception>
            <exception cref="T:System.ArgumentException">path is a zero-length string, contains only white space, or contains invalid characters as defined by System.IO.Path.GetInvalidPathChars.</exception>
            <exception cref="T:System.ArgumentNullException">path is null.</exception>
            <exception cref="T:System.IO.DirectoryNotFoundException">path is invalid.</exception>
            <exception cref="T:MediaDevices.NotConnectedException">device is not connected.</exception>
        </member>
        <member name="M:MediaDevices.MediaDevice.UploadFile(System.IO.Stream,System.String)">
            <summary>
            Upload data from a stream to a file on a portable device.
            </summary>
            <param name="stream">The stream to upload from.</param>
            <param name="path">The path to the file.</param>
            <exception cref="T:System.IO.IOException">path is a file name.</exception>
            <exception cref="T:System.ArgumentException">path is a zero-length string, contains only white space, or contains invalid characters as defined by System.IO.Path.GetInvalidPathChars.</exception>
            <exception cref="T:System.ArgumentNullException">path is null.</exception>
            <exception cref="T:System.IO.DirectoryNotFoundException">path is invalid.</exception>
            <exception cref="T:MediaDevices.NotConnectedException">device is not connected.</exception>
        </member>
        <member name="M:MediaDevices.MediaDevice.FileExists(System.String)">
            <summary>
            Determines whether the specified file exists.
            </summary>
            <param name="path">The file to check.</param>
            <returns>true if the  path contains the name of an existing file; otherwise, false.</returns>
            <exception cref="T:System.ArgumentException">path is a zero-length string, contains only white space, or contains invalid characters as defined by System.IO.Path.GetInvalidPathChars.</exception>
            <exception cref="T:System.ArgumentNullException">path is null.</exception>
            <exception cref="T:MediaDevices.NotConnectedException">device is not connected.</exception>
        </member>
        <member name="M:MediaDevices.MediaDevice.DeleteFile(System.String)">
            <summary>
            Deletes the specified file.
            </summary>
            <param name="path">The name of the file to be deleted. Wildcard characters are not supported.</param>
            <exception cref="T:System.IO.IOException">path is a file name.</exception>
            <exception cref="T:System.ArgumentException">path is a zero-length string, contains only white space, or contains invalid characters as defined by System.IO.Path.GetInvalidPathChars.</exception>
            <exception cref="T:System.ArgumentNullException">path is null.</exception>
            <exception cref="T:System.IO.DirectoryNotFoundException">path is invalid.</exception>
            <exception cref="T:MediaDevices.NotConnectedException">device is not connected.</exception>
        </member>
        <member name="M:MediaDevices.MediaDevice.GetFileInfo(System.String)">
            <summary>
            Gets a new instance of the MediaFileInfo class, which acts as a wrapper for a file path.
            </summary>
            <param name="path">The fully qualified name of the file, directory or object.</param>
            <returns>New instance of the MediaFileInfo class</returns>
        </member>
        <member name="M:MediaDevices.MediaDevice.GetDirectoryInfo(System.String)">
            <summary>
            Gets a new instance of the MediaDirectoryInfo class, which acts as a wrapper for a directory path.
            </summary>
            <param name="path">The fully qualified name of the directory or object.</param>
            <returns>New instance of the MediaDirectoryInfo class</returns>
        </member>
        <member name="M:MediaDevices.MediaDevice.SupportedContentTypes(MediaDevices.FunctionalCategory)">
            <summary>
            Get supported content types
            </summary>
            <param name="functionalCategory">Select functional category</param>
            <returns>List with supported content types </returns>
            <exception cref="T:MediaDevices.NotConnectedException">device is not connected.</exception>
        </member>
        <member name="M:MediaDevices.MediaDevice.SupportedCommands">
            <summary>
            Retrieves all commands supported by the device.
            </summary>
            <returns>List with supported commands</returns>
        </member>
        <member name="M:MediaDevices.MediaDevice.SupportedEvents">
            <summary>
            Retrieves all events supported by the device.
            </summary>
            <returns>List with supported events</returns>
        </member>
        <member name="M:MediaDevices.MediaDevice.ResetDevice">
            <summary>
            Reset device
            </summary>
            <exception cref="T:MediaDevices.NotConnectedException">device is not connected.</exception>
            <exception cref="T:System.NotSupportedException">not supported by device.</exception>
        </member>
        <member name="M:MediaDevices.MediaDevice.GetContentLocations(MediaDevices.ContentType)">
            <summary>
            Get content locations
            </summary>
            <param name="contentType">Content type to find the locations for.</param>
            <returns>List with the location pathes.</returns>
            <exception cref="T:MediaDevices.NotConnectedException">device is not connected.</exception>
        </member>
        <member name="M:MediaDevices.MediaDevice.EjectStorage(System.String)">
            <summary>
            Eject storage
            </summary>
            <param name="path">Path of storage to eject.</param>
        </member>
        <member name="M:MediaDevices.MediaDevice.FormatStorage(System.String)">
            <summary>
            Format storage
            </summary>
            <param name="path">Path of storage to format.</param>
        </member>
        <member name="T:MediaDevices.MediaDeviceEventArgs">
            <summary>
            Event argument class for media device events
            </summary>
        </member>
        <member name="P:MediaDevices.MediaDeviceEventArgs.PnpDeviceId">
            <summary>
            Indicates the device that originated the event.
            </summary>
        </member>
        <member name="P:MediaDevices.MediaDeviceEventArgs.Event">
            <summary>
            Indicates the event sent.
            </summary>
        </member>
        <member name="P:MediaDevices.MediaDeviceEventArgs.OperationState">
            <summary>
            Indicates the current state of the operation (e.g. started, running, stopped etc.).
            </summary>
        </member>
        <member name="P:MediaDevices.MediaDeviceEventArgs.OperationProgress">
            <summary>
            Indicates the progress of a currently executing operation. Value is from 0 to 100, with 100 indicating that the operation is complete.
            </summary>
        </member>
        <member name="P:MediaDevices.MediaDeviceEventArgs.ObjectParentPersistanceUniqueId">
            <summary>
            Uniquely identifies the parent object, similar to WPD_OBJECT_PARENT_ID, but this ID will not change between sessions.
            </summary>
        </member>
        <member name="P:MediaDevices.MediaDeviceEventArgs.ObjectCreationCookie">
            <summary>
            This is the cookie handed back to a client when it requested an object creation using the IPortableDeviceContent::CreateObjectWithPropertiesAndData method.
            </summary>
        </member>
        <member name="P:MediaDevices.MediaDeviceEventArgs.ChildHierarchyChanged">
            <summary>
            Indicates that the child hiearchy for the object has changed.
            </summary>
        </member>
        <member name="P:MediaDevices.MediaDeviceEventArgs.ServiceMethodContext">
            <summary>
            Indicates the service method invocation context.
            </summary>
        </member>
        <member name="T:MediaDevices.MediaDirectoryInfo">
            <summary>
            Exposes instance methods for creating, moving, and enumerating through directories and subdirectories. This class cannot be inherited.
            </summary>
        </member>
        <member name="M:MediaDevices.MediaDirectoryInfo.Refresh">
            <summary>
            Refreshes the state of the object.
            </summary>
        </member>
        <member name="P:MediaDevices.MediaDirectoryInfo.Parent">
            <summary>
            Gets the parent directory of a specified subdirectory.
            </summary>
        </member>
        <member name="M:MediaDevices.MediaDirectoryInfo.CreateSubdirectory(System.String)">
            <summary>
            Creates a subdirectory or subdirectories on the specified path. The specified path is relative to this instance of the DirectoryInfo class.
            </summary>
            <param name="path">The specified path. </param>
            <returns>The last directory specified in path.</returns>
            <exception cref="T:System.IO.IOException">path is a file name.</exception>
            <exception cref="T:System.ArgumentException">path is a zero-length string, contains only white space, or contains invalid characters as defined by System.IO.Path.GetInvalidPathChars.</exception>
            <exception cref="T:System.ArgumentNullException">path is null.</exception>
            <exception cref="T:System.IO.DirectoryNotFoundException">path is invalid.</exception>
            <exception cref="T:MediaDevices.NotConnectedException">device is not connected.</exception>
        </member>
        <member name="M:MediaDevices.MediaDirectoryInfo.EnumerateDirectories">
            <summary>
            Returns an enumerable collection of directory information in the current directory.
            </summary>
            <returns>An enumerable collection of directories in the current directory.</returns>
            <exception cref="T:System.IO.DirectoryNotFoundException">path is invalid.</exception>
            <exception cref="T:MediaDevices.NotConnectedException">device is not connected.</exception>
        </member>
        <member name="M:MediaDevices.MediaDirectoryInfo.EnumerateDirectories(System.String,System.IO.SearchOption)">
            <summary>
            Returns an enumerable collection of directory information that matches a specified search pattern and search subdirectory option. 
            </summary>
            <param name="searchPattern">The search string to match against the names of directories. This parameter can contain a combination of valid literal path and wildcard (* and ?) characters, but doesn't support regular expressions. The default pattern is "*", which returns all files.</param>
            <param name="searchOption">One of the enumeration values that specifies whether the search operation should include only the current directory or all subdirectories. The default value is TopDirectoryOnly.</param>
            <returns>An enumerable collection of directories that matches searchPattern and searchOption.</returns>
            <exception cref="T:System.IO.DirectoryNotFoundException">path is invalid.</exception>
            <exception cref="T:MediaDevices.NotConnectedException">device is not connected.</exception>
        </member>
        <member name="M:MediaDevices.MediaDirectoryInfo.EnumerateFiles">
            <summary>
            Returns an enumerable collection of file information in the current directory.
            </summary>
            <returns>An enumerable collection of the files in the current directory.</returns>
            <exception cref="T:System.IO.DirectoryNotFoundException">path is invalid.</exception>
            <exception cref="T:MediaDevices.NotConnectedException">device is not connected.</exception>
        </member>
        <member name="M:MediaDevices.MediaDirectoryInfo.EnumerateFiles(System.String,System.IO.SearchOption)">
            <summary>
            Returns an enumerable collection of file information that matches a specified search pattern and search subdirectory option.
            </summary>
            <param name="searchPattern">The search string to match against the names of files. This parameter can contain a combination of valid literal path and wildcard (* and ?) characters, but doesn't support regular expressions. The default pattern is "*", which returns all files.</param>
            <param name="searchOption">One of the enumeration values that specifies whether the search operation should include only the current directory or all subdirectories. The default value is TopDirectoryOnly.</param>
            <returns>An enumerable collection of files that matches searchPattern and searchOption.</returns>
            <exception cref="T:System.IO.DirectoryNotFoundException">path is invalid.</exception>
            <exception cref="T:MediaDevices.NotConnectedException">device is not connected.</exception>
        </member>
        <member name="M:MediaDevices.MediaDirectoryInfo.EnumerateFileSystemInfos">
            <summary>
            Returns an enumerable collection of file system information in the current directory.
            </summary>
            <returns>An enumerable collection of file system information in the current directory. </returns>
            <exception cref="T:System.IO.DirectoryNotFoundException">path is invalid.</exception>
            <exception cref="T:MediaDevices.NotConnectedException">device is not connected.</exception>
        </member>
        <member name="M:MediaDevices.MediaDirectoryInfo.EnumerateFileSystemInfos(System.String,System.IO.SearchOption)">
            <summary>
            Returns an enumerable collection of file system information that matches a specified search pattern and search subdirectory option.
            </summary>
            <param name="searchPattern">The search string to match against the names of directories. This parameter can contain a combination of valid literal path and wildcard (* and ?) characters, but doesn't support regular expressions. The default pattern is "*", which returns all files.</param>
            <param name="searchOption">One of the enumeration values that specifies whether the search operation should include only the current directory or all subdirectories. The default value is TopDirectoryOnly.</param>
            <returns>An enumerable collection of file system information objects that matches searchPattern and searchOption.</returns>
            <exception cref="T:System.IO.DirectoryNotFoundException">path is invalid.</exception>
            <exception cref="T:MediaDevices.NotConnectedException">device is not connected.</exception>
        </member>
        <member name="T:MediaDevices.MediaFileAttributes">
            <summary>
            Provides attributes for files, directories and objects.
            </summary>
        </member>
        <member name="F:MediaDevices.MediaFileAttributes.Normal">
            <summary>
            The file is a standard file.
            </summary>
        </member>
        <member name="F:MediaDevices.MediaFileAttributes.Directory">
            <summary>
            The file is a directory.
            </summary>
        </member>
        <member name="F:MediaDevices.MediaFileAttributes.Object">
            <summary>
            The file is a object.
            </summary>
        </member>
        <member name="F:MediaDevices.MediaFileAttributes.CanDelete">
            <summary>
            This file can be deleted.
            </summary>
        </member>
        <member name="F:MediaDevices.MediaFileAttributes.System">
            <summary>
            The file is a system file. That is, the file is part of the operating system or is used exclusively by the operating system.
            </summary>
        </member>
        <member name="F:MediaDevices.MediaFileAttributes.Hidden">
            <summary>
            The file is hidden, and thus is not included in an ordinary directory listing.
            </summary>
        </member>
        <member name="F:MediaDevices.MediaFileAttributes.DRMProtected">
            <summary>
            The file is DRM protected.
            </summary>
        </member>
        <member name="T:MediaDevices.MediaFileInfo">
            <summary>
            Provides properties for files, directories and objects.
            </summary>
        </member>
        <member name="M:MediaDevices.MediaFileInfo.Refresh">
            <summary>
            Refreshes the state of the object.
            </summary>
        </member>
        <member name="P:MediaDevices.MediaFileInfo.Directory">
            <summary>
            Gets an instance of the parent directory.
            </summary>
        </member>
        <member name="M:MediaDevices.MediaFileInfo.CopyTo(System.String,System.Boolean)">
            <summary>
            Copies an existing file to a new file, allowing the overwriting of an existing file.
            </summary>
            <param name="destFileName">The name of the new file to copy to.</param>
            <param name="overwrite">true to allow an existing file to be overwritten; otherwise, false. </param>
            <exception cref="T:System.IO.IOException">An error occurs, or the destination file already exists and overwrite is false. </exception>
            <exception cref="T:System.IO.DirectoryNotFoundException">path is invalid.</exception>
            <exception cref="T:MediaDevices.NotConnectedException">device is not connected.</exception>
        </member>
        <member name="M:MediaDevices.MediaFileInfo.OpenRead">
            <summary>
            Creates a read-only FileStream.
            </summary>
            <returns>A new read-only FileStream object.</returns>
            <exception cref="T:System.IO.DirectoryNotFoundException">path is invalid.</exception>
            <exception cref="T:MediaDevices.NotConnectedException">device is not connected.</exception>
        </member>
        <member name="M:MediaDevices.MediaFileInfo.OpenText">
            <summary>
            Creates a StreamReader with UTF8 encoding that reads from an existing text file.
            </summary>
            <returns>A new StreamReader with UTF8 encoding.</returns>
            <exception cref="T:System.IO.DirectoryNotFoundException">path is invalid.</exception>
            <exception cref="T:MediaDevices.NotConnectedException">device is not connected.</exception>
        </member>
        <member name="T:MediaDevices.MediaFileSystemInfo">
            <summary>
            Provides the base class for both MediaFileInfo and MediaDirectoryInfo objects.
            </summary>
        </member>
        <member name="F:MediaDevices.MediaFileSystemInfo.device">
             <summary>
            corresponding MediaDevice instance
             </summary>
        </member>
        <member name="F:MediaDevices.MediaFileSystemInfo.id">
            <summary>
            MTP id 
            </summary>
        </member>
        <member name="F:MediaDevices.MediaFileSystemInfo.parentId">
            <summary>
            parent MTP id 
            </summary>
        </member>
        <member name="F:MediaDevices.MediaFileSystemInfo.fullName">
            <summary>
            full name 
            </summary>
        </member>
        <member name="F:MediaDevices.MediaFileSystemInfo.parent">
            <summary>
            Parent MediaDirectoryInfo instance
            </summary>
        </member>
        <member name="M:MediaDevices.MediaFileSystemInfo.Refresh">
            <summary>
            Refreshes the state of the object.
            </summary>
        </member>
        <member name="M:MediaDevices.MediaFileSystemInfo.GetParent">
            <summary>
            Gets the parent directory of a specified subdirectory.
            </summary>
        </member>
        <member name="P:MediaDevices.MediaFileSystemInfo.FullName">
            <summary>
            Gets the full path of the directory or file.
            </summary>
        </member>
        <member name="P:MediaDevices.MediaFileSystemInfo.Name">
            <summary>
            For files, gets the name of the file. For directories, gets the name of the last directory in the hierarchy if a hierarchy exists. Otherwise, the Name property gets the name of the directory.
            </summary>
        </member>
        <member name="P:MediaDevices.MediaFileSystemInfo.Length">
            <summary>
            Gets the size, in bytes, of the current file.   
            </summary>
        </member>
        <member name="P:MediaDevices.MediaFileSystemInfo.CreationTime">
            <summary>
            Gets the creation time of the current file or directory.
            </summary>
        </member>
        <member name="P:MediaDevices.MediaFileSystemInfo.LastWriteTime">
            <summary>
            Gets the time when the current file or directory was last written to.
            </summary>
        </member>
        <member name="P:MediaDevices.MediaFileSystemInfo.DateAuthored">
            <summary>
            Gets the time when the current file was authored.
            </summary>
        </member>
        <member name="P:MediaDevices.MediaFileSystemInfo.Attributes">
            <summary>
            Gets the attributes for the current file, directory or object.
            </summary>
        </member>
        <member name="T:MediaDevices.NotConnectedException">
            <summary>
            Represent error that occur if portable device is not connected.
            </summary>
        </member>
        <member name="M:MediaDevices.NotConnectedException.#ctor">
            <summary>
            Initializes a new instance of the PortableDevices.NotConnectedException class.
            </summary>
        </member>
        <member name="M:MediaDevices.NotConnectedException.#ctor(System.String)">
            <summary>
            Initializes a new instance of the PortableDevices.NotConnectedException class with a specified error message.
            </summary>
            <param name="message">The message that describes the error.</param>
        </member>
        <member name="M:MediaDevices.NotConnectedException.#ctor(System.String,System.Exception)">
            <summary>
            Initializes a new instance of the PortableDevices.NotConnectedException class with a specified error message and a reference to the inner exception that is the cause of this exception.
            </summary>
            <param name="message">The message that describes the error.</param>
            <param name="innerException">The exception that is the cause of the current exception, or a null reference (Nothing in Visual Basic) if no inner exception is specified.</param>
        </member>
        <member name="T:MediaDevices.OperationState">
            <summary>
            Indicates the current state of the operation in progress.
            </summary>
        </member>
        <member name="F:MediaDevices.OperationState.Unspecified">
            <summary>
            Unspecified
            </summary>
        </member>
        <member name="F:MediaDevices.OperationState.Started">
            <summary>
            Started
            </summary>
        </member>
        <member name="F:MediaDevices.OperationState.Running">
            <summary>
            Running
            </summary>
        </member>
        <member name="F:MediaDevices.OperationState.Paused">
            <summary>
            Paused
            </summary>
        </member>
        <member name="F:MediaDevices.OperationState.Cancelled">
            <summary>
            Cancelled
            </summary>
        </member>
        <member name="F:MediaDevices.OperationState.Finished">
            <summary>
            Finished
            </summary>
        </member>
        <member name="F:MediaDevices.OperationState.Aborted">
            <summary>
            Aborted
            </summary>
        </member>
        <member name="T:MediaDevices.PowerSource">
            <summary>
            Power source of the device
            </summary>
        </member>
        <member name="F:MediaDevices.PowerSource.Battery">
            <summary>
            The power source of the device is battery.
            </summary>
        </member>
        <member name="F:MediaDevices.PowerSource.External">
            <summary>
            The power source of the device is external.
            </summary>
        </member>
    </members>
</doc>
